URL,status,text
https://www.standard.co.uk/news/crime/father-and-son-among-five-arrested-over-sick-grenfell-tower-bonfire-video-a3982141.html,0,father and son among five arrested over sick grenfell tower bonfire video
https://www.independent.co.uk/travel/news-and-advice/ryanair-new-hand-luggage-policy-rules-passenger-coat-video-travel-a8619811.html,1,ryanair new hand luggage policy rules passenger coat video travel
https://www.bbc.com/news/uk-england-shropshire-46114653,0,derek whyteside murdered by boy with cricket bata stepfather looking for two stolen bikes was murdered by a year old
https://www.dailymail.co.uk/news/article-6358991/Spain-BANS-UK-tourists-buying-common-painkiller-linked-death-ten-Brits.html,0,spain bans uk tourists from buying common painkiller
https://www.thetimes.co.uk/article/bill-gates-declares-all-cisterns-go-in-toilet-revolution-l7mm6kd8m,1,bill gates puts up m for safer sanitation
https://www.telegraph.co.uk/news/2018/11/06/eight-feared-dead-marseille-building-collapses-suddenly/,0,eight feared dead marseille building collapses suddenly
https://www.bbc.com/news/uk-wales-46110825,0,more than uk jobs are at risk after an automobile and industrial firm announced plans to close plants
https://www.dailymail.co.uk/news/article-6358565/Asda-Morrisons-Tesco-Sainsburys-announce-petrol-price-cuts-2p-litre.html,1,asda morrisons tesco sainsburys announce petrol price cuts p litre
https://www.thesun.co.uk/money/7672913/new-look-closes-stores-thousand-jobs-risk/,0,new look closes stores thousand jobs risk
https://www.independent.co.uk/life-style/gadgets-and-tech/news/samsung-galaxy-x-foldable-phone-release-date-new-smartphone-technology-a8619796.html,1,samsung galaxy x foldable phone release date new smartphone technology
https://www.thesun.co.uk/tvandshowbiz/7670615/katie-price-bankruptcy-hearing-kieran-hayler-thousands-divorce-row/,1,katie price bankruptcy hearing kieran hayler thousands divorce row
https://phys.org/news/2018-11-anthropologist-high-developmental-anomalies-pleistocene.html,1,anthropologist high developmental anomalies pleistocene
https://news.sky.com/story/cigar-shaped-object-could-be-alien-spacecraft-harvard-researchers-claim-11546041,1,cigar shaped object could be alien spacecraft harvard researchers claim
https://www.express.co.uk/life-style/health/1041476/parkinsons-disease-diet-symptoms-signs-brain-coffee,1,parkinsons disease diet symptoms signs brain coffee
https://news.sky.com/story/emmanuel-macron-calls-for-real-european-army-to-defend-against-russia-and-us-11546376,1,emmanuel macron calls for real european army to defend against russia and us
https://www.bbc.com/news/world-middle-east-46108248,0,is left mass graves in iraq
https://www.theguardian.com/world/2018/nov/06/lion-air-crash-black-boxes-reveal-plane-had-airspeed-problems-on-last-four-flights,0,lion air crash black boxes reveal plane had airspeed problems on last four flights
https://www.mirror.co.uk/science/4000-year-old-stone-tablets-13543129,1,year old stone tablets
https://www.aljazeera.com/news/2018/11/erdogan-sanctions-iran-wrong-aimed-unbalance-world-181106111233106.html,1,erdogan sanctions iran wrong aimed unbalance world
https://www.theguardian.com/world/2018/nov/05/migrant-caravan-latest-mexico-city-path-asylum-seekers,1,migrant caravan latest mexico city path asylum seekers
https://www.telegraph.co.uk/news/2018/11/06/watch-charles-camilla-take-dance-floor-president-first-lady/,1,watch charles camilla take dance floor president first lady
https://www.aljazeera.com/news/2018/11/israeli-army-wounds-iconic-palestinian-protester-181106122705253.html,0,israeli army wounds iconic palestinian protester
https://www.dailymail.co.uk/news/article-6357533/Politicians-BRAWL-Christian-woman-saved-death-row-Pakistan.html,1,politicians brawl christian woman saved death row pakistan
https://news.sky.com/story/great-pyramids-discovery-sheds-light-on-construction-in-ancient-egypt-11546095,1,great pyramids discovery sheds light on construction in ancient egypt
https://news.sky.com/story/back-from-the-dead-aigali-supygaliev-turns-up-two-months-after-burial-in-kazakhstan-11546089,1,back from the dead aigali supygaliev turns up two months after burial in kazakhstan
https://news.sky.com/story/chinese-city-bans-dog-walking-in-daylight-hours-11546220,0,chinese city bans dog walking in daylight hours
https://inews.co.uk/news/fisherman-ocean-18-month-baby-doll-new-zealand/,1,fisherman ocean month baby doll new zealand
https://www.mirror.co.uk/news/world-news/scientists-discover-how-body-mummified-13542532,1,scientists discover how body mummified
https://www.telegraph.co.uk/news/2018/11/05/british-sailors-rescued-thai-fisherman-chartered-50ft-catamaran/,1,british sailors rescued thai fisherman chartered ft catamaran
https://www.thetimes.co.uk/article/chinese-navy-greets-japanese-sailors-with-friendly-salvo-9k3fzxrqv,1,chinese navy greets japanese sailors with friendly salvo
https://www.theguardian.com/environment/2018/nov/05/air-pollution-everything-you-should-know-about-a-public-health-emergency,0,air pollution everything you should know about a public health emergency
https://www.theguardian.com/business/2018/nov/06/new-blow-for-uk-car-industry-as-european-parts-factories-close-michelin-schaeffler,0,new blow for uk car industry as european parts factories close michelin schaeffler
https://www.bbc.com/news/business-46107833,1,primark blames weather for sliding sales
https://www.theguardian.com/business/2018/nov/06/energy-bills-rise-price-cap,0,energy bills rise price cap
https://www.eurogamer.net/articles/2018-11-06-amazons-black-friday-deals-start-ten-days-before-actual-black-Friday,1,amazons black friday deals start ten days before actual black friday
https://www.eurogamer.net/articles/2018-11-06-red-dead-redemption-2-players-have-been-sending-abuse-to-a-real-person-called-colm-odriscoll,1,red dead redemption players have been sending abuse to a real person called colm odriscoll
https://www.standard.co.uk/tech/amazon-alexa-charity-skills-save-lives-a3980506.html,1,amazon alexa charity skills save lives
https://www.bbc.com/news/newsbeat-46109273,1,big brothers big influence on the world of tv
https://www.birminghammail.co.uk/news/showbiz-tv/im-celebrity-2018-line-up-15377514,1,im celebrity line up
https://www.nme.com/news/music/victoria-beckham-responds-spice-girls-tour-announcement-2397561,1,victoria beckham responds spice girls tour announcement
https://www.bbc.com/news/uk-england-leicestershire-46107923,0,leicester helicopter crash
https://www.dailymail.co.uk/sciencetech/article-6358967/Revolutionary-device-allowed-frogs-regenerate-lost-limbs.html,1,revolutionary device allowed frogs regenerate lost limbs
https://www.aol.co.uk/news/2018/11/06/nasa-photo-shows-flying-saucer-crash-site-in-desert/,1,nasa photo shows flying saucer crash site in desert
https://www.independent.co.uk/environment/wind-power-turbines-birds-predators-renewable-energy-lizards-rspb-a8619236.html,0,wind power turbines birds predators renewable energy lizards
https://www.bbc.com/news/science-environment-46113605,1,metop weather satellite launches into orbit
https://www.dailymail.co.uk/health/article-6359559/Taxing-beef-lamb-pork-prevent-220-000-deaths-year.html,1,taxing beef lamb pork prevent
https://metro.co.uk/2018/11/06/spacexs-starman-has-now-journeyed-beyond-mars-8108901/,1,spacexs starman has now journeyed beyond mars
https://www.bbc.com/news/uk-england-london-46193380,0,ilford crossbow death
https://www.wired.co.uk/article/singles-day-alibaba-black-friday-2018,1,singles day alibaba black friday
https://news.sky.com/story/seven-dead-in-worst-escalation-of-violence-in-gaza-since-2014-11553102,0,seven dead in worst escalation of violence in gaza since
https://www.theregister.co.uk/2018/11/13/vodafone_1h2019_results/,1,we definitely dont need more towers says new vodafone boss
https://www.dailymail.co.uk/sciencetech/article-6381513/75-million-year-old-rare-fossil-helps-explain-evolution-birds.html,1,million year old rare fossil helps explain evolution birds
https://www.livemint.com/Companies/n5hz8EnQh6C9rcD5JvVZYM/IHH-acquires-controlling-311-stake-in-Fortis-for-Rs-4000.html,1,ihh acquires controlling stake in fortis for rs
https://www.zeebiz.com/india/news-no-more-rate-hikes-by-rbi-this-is-what-has-come-as-a-savior-for-loan-takers-71137,1,news no more rate hikes by rbi this is what has come as a savior for loan takers
https://www.theage.com.au/national/victoria/elite-police-unit-refused-to-help-arrest-gargasoulas-before-massacre-20181113-p50ft3.html,1,elite police unit refused to help arrest gargasoulas before massacre
https://www.theguardian.com/world/2018/nov/13/bali-nine-prisoner-renae-lawrence-to-be-released-after-12-years-in-jail,1,bali nine prisoner renae lawrence to be released after years in jail
https://www.smh.com.au/business/the-economy/damaging-spikes-international-energy-agency-sends-an-oil-price-warning-20181113-p50fo4.html?ref=rss&utm_medium=rss&utm_source=rss_feed,0,damaging spikes international energy agency sends an oil price warning
https://www.kotaku.com.au/2018/11/microsofts-new-studio-acquisitions-show-how-much-xbox-has-changed/,1,microsofts new studio acquisitions show how much xbox has changed
https://www.news.com.au/finance/economy/world-economy/nightmarish-battle-over-a-port-which-could-save-millions-in-yemen-is-worsening/news-story/d1d828c70f5f1cb26cb282634cb10eba,0,nightmarish battle over a port which could save millions in yemen is worsening
https://www.afr.com/news/world/apple-has-a-plan-b-as-iphone-demand-peaks-its-suppliers-do-not-20181113-h17uk8,1,apple has a plan b as iphone demand peaks its suppliers do not
https://www.cnet.com/au/news/scientists-predict-a-dark-matter-hurricane-will-collide-with-the-earth/,1,scientists predict a dark matter hurricane will collide with the earth
https://tribune.com.pk/story/1845949/2-air-passenger-traffic-pakistan-likely-double-2037-airbus/,1,air passenger traffic pakistan likely double airbus
https://www.cnbc.com/2018/11/13/opec-expects-global-energy-demand-to-skyrocket-through-2040.html,1,opec expects global energy demand to skyrocket through
https://www.cbc.ca/news/canada/nova-scotia/cole-harbour-high-teacher-charged-derek-stephenson-1.4902680,0,cole harbour high teacher charged derek stephenson
https://www.ctvnews.ca/canada/pilot-passenger-killed-in-plane-crash-at-brantford-municipal-airport-1.4174878,0,pilot passenger killed in plane crash at brantford municipal airport
https://globalnews.ca/news/4656761/abbotsford-police-ross-simpson-shooting/,0,abbotsford police ross simpson shooting
https://www.ctvnews.ca/canada/two-people-charged-after-police-seize-14-7-kg-of-cannabis-from-home-1.4174960,1,two people charged after police seize kg of cannabis from home
https://www.ctvnews.ca/world/u-s-trial-to-tell-epic-tale-of-mexican-drug-lord-el-chapo-1.4174591,1,u s trial to tell epic tale of mexican drug lord el chapo
https://nationalpost.com/news/canada/canadian-passenger-alleges-firefighters-stole-his-phone-and-us1000-from-plane-that-crash-landed-in-guyana,0,canadian passenger alleges firefighters stole his phone and us from plane that crash landed in guyana
https://www.ctvnews.ca/sci-tech/it-was-moving-so-fast-ireland-investigating-pilots-reports-of-mysterious-bright-lights-1.4174759,1,it was moving so fast ireland investigating pilots reports of mysterious bright light
https://www.ctvnews.ca/business/wow-airline-takeover-another-blow-to-people-seeking-ultra-cheap-flights-1.4174686,1,wow airline takeover another blow to people seeking ultra cheap flights
https://www.androidpolice.com/2018/11/13/intels-5g-modem-will-land-second-half-2019/,1,intels g modem will land second half
http://dailyhive.com/vancouver/pokemon-detective-pikachu-movie-trailer,1,pokemon detective pikachu movie trailer
http://www.tunisiesoir.com/science/research-most-complete-north-american-enantiornithine-fossil-was-aerodynamic-equal-of-modern-birds-10098-2018/,1,research most complete north american enantiornithine fossil was aerodynamic equal of modern birds
https://www.eurekalert.org/pub_releases/2018-11/nu-rsl111318.php,1,rising sea levels may build rather than destroy coral reef islands
https://edition.cnn.com/2018/11/13/health/alcohol-use-screening-guidelines-uspstf-study/index.html,1,alcohol use screening guidelines uspstf study
https://www.huffingtonpost.ca/2018/11/12/fish-oils-heart-problems_a_23587356/,1,fish oils heart problems
https://www.engadget.com/2018/11/13/amazon-whole-foods-prime-turkeys/,1,amazon whole foods prime turkeys
"https://www.ynetnews.com/articles/0,7340,L-5400745,00.html ",0,israel hamas began with dead
https://www.timesofisrael.com/as-rocket-attacks-persist-idf-says-its-preparing-to-recruit-reservists/,1,as rocket attacks persist idf says its preparing to recruit reservists
http://www.israelnationalnews.com/News/News.aspx/254679,1,cease fire reachedal jazeera reports cease fire between hamas israel reached after rockets launched into israel
https://www.timesofisrael.com/times-of-israel-syndication-meet-your-newest-writers/ ,1,times of israel syndication meet your newest writers
https://www.eonline.com/news/986925/liam-hemsworth-shares-heartbreaking-photo-of-his-malibu-home-after-wildfire,0,liam hemsworth shares heartbreaking photo of his malibu home after wildfire
https://www.theverge.com/2018/11/13/18091406/att-razer-phone-2-us-carrier-exclusive,1,att razer phone us carrier exclusive
https://www.timesofisrael.com/a-universe-of-flawed-heroes-stan-lee-was-ahead-of-his-time/,0,a universe of flawed heroes stan lee was ahead of his time
https://www.polygon.com/tv/2018/11/13/18091434/game-of-thrones-season-8-premiere-date,1,game of thrones season premiere date
https://arstechnica.com/science/2018/11/russian-space-leader-contemplates-stalin-mode-for-spacecraft-design/,1,russian space leader contemplates stalin mode for spacecraft design
https://www.express.co.uk/life-style/health/1044649/pancreatic-cancer-symptoms-signs-deadliest-common-cancer,0,pancreatic cancer symptoms signs deadliest common cancer
https://www.theguardian.com/science/2018/nov/14/we-need-their-brains-donating-to-the-brain-bank-in-search-of-a-dementia-cure,1,we need their brains donating to the brain bank in search of a dementia cure
https://www.telegraph.co.uk/news/2018/11/13/indias-sepsis-babies-struggle-save-newborns-superbugs/,1,indias sepsis babies struggle save newborns superbug
http://www.asiaone.com/entertainment/21-year-old-first-filipino-walk-victorias-secret-runway-it-feels-dream,1,year old first filipino walk victorias secret runway it feels dream
https://www.todayonline.com/world/former-umno-minister-charged-molest-15-year-old-girl,0,former umno minister charged molest year old girl
https://www.channelnewsasia.com/news/singapore/facebook-refuse-take-down-states-times-review-post-pm-lee-10926422,0,facebook refuse take down states times review post pm lee
https://www.straitstimes.com/singapore/health/health-ministry-publishes-fee-benchmarks-for-private-surgeon-charges-to-rein-in,1,health ministry publishes fee benchmarks for private surgeon charges to rein in
https://www.todayonline.com/singapore/4g-leaders-likely-helm-paps-second-command-positions-after-shanmugam-distances-himself,1,g leaders likely helm paps second command positions after shanmugam distances himself
https://www.straitstimes.com/asia/se-asia/former-malaysian-pms-wife-rosmah-and-her-former-aide-rizal-to-face-new-charges-on,1,former malaysian pms wife rosmah and her former aide rizal to face new charges on
https://www.channelnewsasia.com/news/technology/china-deletes-social-media-accounts-cyber-authority-10925324,0,china deletes social media accounts cyber authority
https://www.straitstimes.com/asia/se-asia/indonesian-woman-who-lost-boyfriend-in-lion-air-crash-goes-ahead-with-wedding-as,1,indonesian woman who lost boyfriend in lion air crash goes ahead with wedding as
https://www.straitstimes.com/world/europe/more-heatwaves-fewer-babies-climate-change-may-zap-male-fertility-scientists-find,1,more heatwaves fewer babies climate change may zap male fertility scientists find
https://www.cbsnews.com/news/fbi-hate-crimes-increase-report-today-2018-11-13/,0,fbi hate crimes increase report today
https://www.npr.org/sections/goatsandsoda/2018/11/13/651834661/chinas-building-spree-in-poor-nations-does-it-really-help-the-local-economy?t=1542135178649,1,chinas building spree in poor nations does it really help the local economy
https://techcrunch.com/2018/11/13/spotify-officially-launches-its-apple-watch-app/,1,spotify officially launches its apple watch app
https://www.wxyz.com/news/november-is-pancreatic-cancer-awareness-month-do-you-know-the-symptoms-,1,november is pancreatic cancer awareness month do you know the symptoms
https://www.npr.org/2018/11/13/667315613/californias-camp-fire-becomes-the-deadliest-in-state-history,0,californias camp fire becomes the deadliest in state history
https://www.nbcnews.com/news/us-news/car-crashes-social-security-building-new-jersey-injuring-20-n935741,0,car crashes social security building new jersey injuring
https://edition.cnn.com/2018/11/12/us/inmates-honor-officer-trnd/index.html,0,inmates honor officer trnd
https://www.cbsnews.com/news/stay-in-your-lane-doctors-fire-back-at-the-nra-guns/,1,stay in your lane doctors fire back at the nra guns
https://www.businessinsider.de/uk-european-union-thresa-may-brexit-negotiators-have-agreed-a-deal-2018-11?r=US&IR=T,1,uk european union thresa may brexit negotiators have agreed a dea
https://www.nbcnews.com/news/world/israelis-gazans-hope-best-brace-worst-ceasefire-kicks-n935671,0,israelis gazans hope best brace worst ceasefire kicks
https://thehill.com/policy/defense/416401-bolton-says-saudi-crown-prince-not-implicated-in-recording-of-khashoggi,0,bolton says saudi crown prince not implicated in recording of khashoggi
https://nypost.com/2018/11/13/el-chapos-trial-delayed-by-anxious-juror-who-wants-off-the-case/,0,chapos trial delayed by anxious juror who wants off the case
https://edition.cnn.com/2018/11/13/uk/baby-woman-crossbow-murder-scli-gbr-intl/index.html,0,baby woman crossbow murder scli gbr
https://www.nbcnews.com/news/asian-america/fewer-foreign-students-coming-united-states-second-year-row-survey-n935701,1,fewer foreign students coming united states second year row survey
https://www.newsweek.com/lgbt-migrants-leave-caravan-over-discrimination-reach-california-border-1211251,0,lgbt migrants leave caravan over discrimination reach california
https://www.foxnews.com/world/japanese-woman-arrested-in-connection-to-stabbing-death-of-us-airman,0,japanese woman arrested in connection to stabbing death of us airman
https://www.bbc.com/news/stories-45919730,0,national action the new parents and the neo nazi terror threat
http://www.nbc-2.com/story/39463174/strawberry-needle-scare-woman-allegedly-spiked-punnets-for-revenge,0,strawberry needle scare woman allegedly spiked punnets for revenge
https://www.thesun.co.uk/news/7721886/europe-empire-compete-china-us-french-minister/,1,europe empire compete china us french minister
https://www.nbcnews.com/news/world/battles-rage-yemen-s-port-city-hodeida-trapping-civilians-crossfire-n935116,0,battles rage yemen s port city hodeida trapping civilians crossfire
https://edition.cnn.com/2018/11/12/health/ikigai-longevity-happiness-living-to-100-wisdom-project/index.html,1,ikigai longevity happiness living to wisdom project
https://edition.cnn.com/2018/11/12/australia/australia-melbourne-trolley-man-intl/index.html,0,australia melbourne trolley man intl
https://mybroadband.co.za/news/business/284180-alibaba-sets-new-singles-day-record-with-over-30-billion-in-sales.html ,1,alibaba sets new singles day record with over billion
https://ewn.co.za/2018/11/13/man-arrested-in-joburg-cbd-for-possession-of-20-cow-heads,0,man arrested in joburg cbd for possession of cow heads
https://www.thesun.ie/news/3382643/men-killed-car-tree-mayo-wreckage/,0,men killed car tree mayo wreckage
https://www.rte.ie/news/ireland/2018/1113/1010696-fatal-fire-dublin/,0,man dies in dublin house fire
https://www.irishexaminer.com/breakingnews/views/analysis/tourism-should-not-just-be-for-the-summer-884934.html,1,tourism should not just be for the summer
https://www.independent.ie/irish-news/courts/young-mother-beaten-to-death-during-drunken-row-murder-trial-hears-37524393.html,0,young mother beaten to death during drunken row murder trial hears
https://www.thejournal.ie/sex-industry-in-ireland-4335504-Nov2018/,1,sex industry in ireland
https://www.irishexaminer.com/breakingnews/sport/rugby/ireland-must-earn-all-blacks-respect-again-but-sexton-wary-of-ref-barnes-884998.html,1,ireland must earn all blacks respect again but sexton wary of ref barnes
https://www.thejournal.ie/new-handheld-devices-will-help-gardai-identify-uninsured-drivers-4336448-Nov2018/,1,new handheld devices will help gardai identify uninsured drivers
https://www.breakingnews.ie/tech/snapchat-adds-new-friendship-profiles-and-bitmoji-stories-features-885097.html,1,snapchat adds new friendship profiles and bitmoji stories features
https://screenrant.com/black-ops-4-nuketown-trailer/,1,black ops nuketown trailer
https://www.siliconrepublic.com/innovation/male-fertility-threatened-climate-change,1,male fertility threatened climate change
https://www.irishcentral.com/news/trinity-scientists-obesity-cancer,1,trinity scientists obesity cancer
https://www.irishnews.com/magazine/science/2018/11/13/news/single-protein-drives-growth-and-spread-of-deadliest-cancer-research-shows-1484279/,1,single protein drives growth and spread of deadliest cancer research shows
https://www.irishexaminer.com/breakingnews/world/friendly-bacteria-can-boost-bone-density-study-shows-885134.html,1,friendly bacteria can boost bone density study shows
https://www.buzz.ie/news/tourist-bitten-rabies-cat-morocco-306616,0,tourist bitten rabies cat morocco
https://eng.lsm.lv/article/economy/banks/instant-payments-are-available-to-more-than-90-bank-customers-in-latvia.a299500/,1,instant payments are available to more than bank customers in latvia
https://bnn-news.com/unemployment-level-in-latvia-remained-at-6-1-in-october-193752,0,unemployment level in latvia remained at in octoberin october
https://eng.lsm.lv/article/society/health/health-ministry-to-expand-the-range-of-medics-working-on-ambulances.a299358/,1,health ministry to expand the range of medics working on ambulances
https://www.irishpost.com/news/ryanair-flash-sale-161843,1,ryanair flash sale
https://www.engadget.com/2018/11/13/google-squoosh-app-optimize-images/,1,google squoosh app optimize images
https://www.gsmarena.com/xiaomi_10_units_uk_flash_sale_massive_criticism-news-34194.php,1,xiaomiunitsukflashsalemassivecriticism
https://www.digitaltrends.com/cool-tech/eye-diseases-microneedles-patch/,1,eye diseases microneedles patch
https://phys.org/news/2018-11-amazon-turtle-populations-recovering-local.html,1,amazon turtle populations recovering local
https://www.engadget.com/2018/11/13/moon-mars-space-race/,1,moon mars space race
https://www.dailymail.co.uk/sciencetech/article-6385185/Climate-change-led-demise-ancient-Indus-valley-civilisation.html,0,climate change led demise ancient indus valley civilisation
https://www.news-medical.net/news/20181113/Warmer-winter-temperatures-related-to-higher-crime-rates.aspx,0,warmer winter temperatures related to higher crime rates
http://www1.cbn.com/cbnnews/world/2018/november/somethings-happening-to-the-sun-right-now-heres-what-it-means,1,somethings happening to the sun right now heres what it means
https://news.sky.com/story/syrian-refugee-thanks-supporters-after-huddersfield-school-attack-11567552,1,syrian refugee thanks supporters after huddersfield school attack
https://www.dailymail.co.uk/news/article-6444037/Angela-Merkels-plane-makes-emergency-landing-Germany.html,1,angela merkels plane makes emergency landing germany
https://www.telegraph.co.uk/news/2018/11/30/51-pilot-whales-die-mass-stranding-new-zealand/,0,pilot whales die mass stranding new zealand
https://www.telegraph.co.uk/news/2018/11/30/british-teenager-arrested-egypt-charges-spying/,0,british teenager arrested egypt charges spying
https://www.dailymail.co.uk/health/article-6442555/NYU-suicide-survivor-26-received-sophisticated-face-transplant-ever.html,1,nyu suicide survivor received sophisticated face transplant eve
https://www.dailymail.co.uk/news/article-6441811/One-Briton-killed-five-injured-Taliban-suicide-bomb-attack-Kabul.html,0,one briton killed five injured taliban suicide bomb attack kabul
https://www.theguardian.com/environment/2018/nov/28/global-food-system-is-broken-say-worlds-science-academies,0,global food system is broken say worlds science academies
https://www.thetimes.co.uk/article/chinese-and-indian-students-driving-growth-in-non-eunet-migration-d786cmdgl,1,chinese and indian students driving growth in non eunet migration
https://www.thetimes.co.uk/article/lion-air-pilots-fought-frantically-to-keep-jet-airborne-8hgrsr8rx,0,lion air pilots fought frantically to keep jet airborn
https://www.bbc.com/news/technology-46401890,0,the records of million customers of the hotel group
https://www.theguardian.com/business/2018/nov/30/bank-of-england-defends-100000-summer-party,1,bank of england defends summer
https://www.bbc.com/news/business-46394879,1,boxer floyd mayweather jr and music producer dj khaled will pay thousands of dollars to settle charges
https://www.dailymail.co.uk/news/article-6444795/Unilever-boss-Paul-Polman-quits-losing-bid-British-firms-HQ-Netherlands.html,1,unilever boss paul polman quits losing bid british firms hq netherlands
https://www.fxstreet.com/cryptocurrencies/news/top-3-price-prediction-bitcoin-ethereum-ripple-storms-on-the-horizon-the-market-has-to-choose-201811301002,1,top price prediction bitcoin ethereum ripple storms on the horizon the market has to choose
https://news.sky.com/story/vegetarian-cannabis-restaurant-to-redress-outdated-stereotypes-11567901,1,vegetarian cannabis restaurant to redress outdated stereotypes
https://www.thetimes.co.uk/article/more-jobs-cut-at-jaguar-land-rover-in-uk-over-slovakia-move-2slkzp9hd,0,more jobs cut at jaguar land rover in uk over slovakia move
http://www.gizmodo.co.uk/2018/11/carphone-warehouse-accused-of-ruining-magic-of-black-friday/,0,carphone warehouse accused of ruining magic of black friday
https://www.telegraph.co.uk/news/2018/11/29/smart-meter-installations-suffer-sharpest-ever-drop-households/,1,smart meter installations suffer sharpest ever drop households
https://www.gazettelive.co.uk/news/teesside-news/dwp-protests-against-universal-credit-15482848,1,protests against universal credit
https://www.telegraph.co.uk/technology/2018/11/29/british-german-concerns-mount-chinas-huawei/,1,british german concerns mount chinas huawei
https://www.coventrytelegraph.net/news/coventry-news/jaguar-land-rover-job-cuts-15484218,1,jaguar land rover job cuts
https://www.bbc.com/news/uk-england-manchester-46371611,0,northern will run less than a third of its services on saturdays
"https://www.tomsguide.com/us/microsoft-andromeda-release-date,news-28738.html",1,microsoft andromeda release date
https://www.telegraph.co.uk/technology/2018/11/29/apple-removes-700-apps-chinese-app-store/,1,apple removes apps chinese app store
"https://www.tomsguide.com/us/routers-malware-upnproxy-eternalsilence,news-28727.html",0,routers malware upnproxy eternalsilence
https://www.telegraph.co.uk/news/2018/11/30/24-million-year-old-tools-found-algeria-could-upend-human-origin/,1,million year old tools found algeria could upend human origin
https://www.dailymail.co.uk/sciencetech/article-6444117/Climate-change-trigger-extinction-domino-effect-annihilate-life-Earth.html,0,climate change trigger extinction domino effect annihilate life earth
https://www.dailymail.co.uk/sciencetech/article-6443381/Ancient-toothless-whale-forerunner-modern-cetacean-giants.html,1,ancient toothless whale forerunner modern cetacean giants
https://www.mirror.co.uk/science/earth-look-very-different-100-13659745,1,earth look very different
https://www.mirror.co.uk/news/world-news/makeup-artist-health-kick-almost-13666940,0,makeup artist health kick almost
https://www.aol.co.uk/living/2018/11/29/woman-documenting-her-death-online-in-a-bid-to-legalise-assist/?guccounter=1,0,woman documenting her death online in a bid to legalise assist
https://www.sciencealert.com/why-hair-doesn-t-grow-on-wounded-skin-and-how-it-might-help-hair-loss-treatments,1,why hair doesn t grow on wounded skin and how it might help hair loss treatments
https://edition.cnn.com/2018/11/29/politics/us-navy-taiwan-strait/index.html,1,us navy taiwan strait
https://www.cbsnews.com/news/mother-baby-grizzly-bear-canada-yukon-einarson-lake-valerie-theoret-adele-roesholt/,0,mother baby grizzly bear canada yukon einarson lake valerie theoret adele roesholt
https://edition.cnn.com/2018/11/29/uk/syrian-teenager-attack-scli-intl/index.html,0,syrian teenager attack scli
https://www.foxbusiness.com/features/multiple-dog-food-brands-recalled-for-elevated-vitamin-d,0,multiple dog food brands recalled for elevated vitamin d
https://edition.cnn.com/2018/11/30/economy/gm-job-market/index.html,1,washington cnn business losing a job is never good news
https://ru.reuters.com/article/allBreakingNews/idUKL8N1Y467H,0,a japanese pilot was jailed for months on thursday
https://edition.cnn.com/2018/11/30/economy/india-gdp-growth-slowdown/index.html,0,india gdp growth slowdown
https://phys.org/news/2018-11-brilliant-iron-molecule-cheaper-solar.html,1,brilliant iron molecule cheaper solar
https://www.slashgear.com/incredibly-accurate-atomic-clocks-may-detect-faint-signals-from-dark-matter-29556306/,1,incredibly accurate atomic clocks may detect faint signals from dark matter
https://phys.org/news/2018-11-scientists-quantum.html,1,magnetic materials motors future
https://phys.org/news/2018-11-magnetic-materials-motors-future.html,1,human genome summit investigation
https://edition.cnn.com/2018/11/29/health/human-genome-summit-investigation-intl/index.html,1,human genome summit investigation
https://phys.org/news/2018-11-surface-ultra-smooth-nanomaterial-steeper-austrian.html,1,surface ultra smooth nanomaterial steeper austrian
https://www.dailymail.co.uk/sciencetech/article-6443289/Arabian-stone-tools-linked-ancient-human-ancestors-just-190-000-years-ago.html,1,arabian stone tools linked ancient human ancestors just years ago
https://phys.org/news/2018-11-methods-d-imaging-x-rays.html,1,methods d imaging x rays
https://arstechnica.com/science/2018/11/gene-edited-babies-unknown-risks-and-clear-ethical-failures/,1,gene edited babies unknown risks and clear ethical failures
https://timesofindia.indiatimes.com/india/1/3-of-worlds-stunted-kids-are-from-india-says-report/articleshow/66873472.cms,0,of worlds stunted kids are from india says report
https://www.cbsnews.com/news/adhd-youngest-kids-in-class-may-be-over-diagnosed-with-attention-deficit-hyperactivity-disorder/,0,adhd youngest kids in class may be over diagnosed with attention deficit hyperactivity disorder
https://edition.cnn.com/2018/11/30/health/fetal-alcohol-syndrom-gbr-scli-intl/index.html,0,fetal alcohol syndrom
https://edition.cnn.com/2018/11/26/health/acute-flaccid-myelitis-afm-numbers/index.html,0,acute flaccid myelitis afm numbers
https://finance.yahoo.com/news/why-google-killing-off-fresno-100025325.html,0,why google killing off fresno
https://komonews.com/news/local/junk-food-increases-risk-of-depression-study-says,0,junk food increases risk of depression study says
https://www.yahoo.com/lifestyle/measles-chickenpox-outbreaks-ohio-school-wont-accept-religion-excuse-not-vaccinate-children-214509143.html,0,measles chickenpox outbreaks ohio school wont accept religion excuse not vaccinate children
https://www.businesstimes.com.sg/technology/google-extends-telecom-service-fi-to-iphones,1,google extends telecom service fi to iphones
https://www.straitstimes.com/asia/se-asia/singaporean-arrested-after-porsche-hits-police-officer-in-krabi,0,singaporean arrested after porsche hits police officer in krabi
https://www.channelnewsasia.com/news/business/singapore-to-ban-discharge-of-wash-water-at-top-ship-refuelling-10984194,1,singapore to ban discharge of wash water at top ship refuelling
https://www.straitstimes.com/singapore/lta-expands-contactless-payment-trial-for-public-transport-to-visa-nets-cardholders,1,lta expands contactless payment trial for public transport to visa nets cardholders
https://www.theguardian.com/science/2018/nov/30/search-male-contraceptive-pill-bill-melinda-gates-foundation-funding-dundee-university,1,search male contraceptive pill bill melinda gates foundation funding dundee university
https://sg.news.yahoo.com/china-aids-group-really-regrets-role-gene-editing-095744065.html,0,china aids group really regrets role gene editing
https://www.channelnewsasia.com/news/asia/indonesia-aviation-in-spotlight-after-lion-air-crash-10980054,0,indonesia aviation in spotlight after lion air crash
https://www.straitstimes.com/lifestyle/trump-kim-summit-inspired-miss-universe-singapore-national-costume-receives-poor-reviews,1,trump kim summit inspired miss universe singapore national costume receives poor reviews
https://www.straitstimes.com/asia/se-asia/sale-of-1mdb-linked-superyacht-equanimity-gets-warm-response-from-buyers-around-the,1,sale of mdb linked superyacht equanimity gets warm response from buyers around the
https://www.channelnewsasia.com/news/asia/baby-zara-malaysian-sexual-abuse-sentenced-20-years-jail-cane-10980066,1,baby zara malaysian sexual abuse sentenced years jail
https://www.aljazeera.com/news/2018/11/life-lees-singapore-prepares-future-181130025115883.html,1,life lees singapore prepares future
http://www.asiaone.com/asia/singaporean-loses-control-speeding-porsche-hits-police-krabi,0,ingaporean loses control speeding porsche hits police krabi
https://www.straitstimes.com/asia/east-asia/japan-eyes-buying-up-to-100-more-f-35-fighters,1,japan eyes buying up to more f fighters
https://www.scmp.com/news/china/diplomacy/article/2175504/chinas-zte-cheated-deal-us-installing-dell-hardware-venezuela,1,hinas zte cheated deal us installing dell hardware venezuela
https://nairobinews.nation.co.ke/news/employees-jkia-arrested-stealing-passengers-money/,1,employees jkia arrested stealing passengers money
https://www.zdnet.com/article/how-machine-learning-and-data-science-give-bloomberg-a-competitive-advantage/,1,how machine learning and data science give bloomberg a competitive advantage
https://www.standardmedia.co.ke/business/article/2001304638/uba-registers-262pc-profit-increase,1,uba registers pc profit increase
https://www.standardmedia.co.ke/business/article/2001304593/tullow-embarks-on-paying-dividends-to-shareholders,1,tullow embarks on paying dividends to shareholders
https://www.nation.co.ke/business/seedsofgold/Kenyans-urged-to-eat-orange-sweet-potato/2301238-4876200-13gxwi9z/index.html,1,kenyans urged to eat orange sweet potato
http://www.mediamaxnetwork.co.ke/489337/unicef-says-80-adolescents-to-die-of-aids-daily-by-2030/,0,unicef says adolescents to die of aids daily by
https://www.nation.co.ke/news/world/1068-4875326-dnq5rj/index.html,0,another canadian diplomat in havana has been diagnosed with a mysterious brain trauma
https://www.nation.co.ke/news/africa/US-closes-embassy-in-DR-Congo/1066-4873536-e4hdhh/index.html,0,us closes embassy in dr congo
https://www.standardmedia.co.ke/business/article/2001304572/world-bank-tells-nigerian-economy-growth-below-2pc,1,world bank tells nigerian economy growth below pc
https://www.standardmedia.co.ke/business/article/2001304580/twitters-shares-fall-on-fears-of-liberal-bias,1,twitters shares fall on fears of liberal bias
https://www.the-star.co.ke/news/2018/11/29/indians-held-captive-in-ethiopia-over-unpaid-salaries_c1858721,0,indians held captive in ethiopia over unpaid salaries
https://www.telegraph.co.uk/news/0/eu-arms-found-way-one-africas-bloodiest-conflicts/,0,eu arms found way one africas bloodiest conflicts
https://economictimes.indiatimes.com/news/economy/indicators/7-1-gdp-growth-in-q2-disappointing-subhash-chandra-garg/articleshow/66884187.cms,1,gdp growth in q disappointing subhash chandra garg
https://economictimes.indiatimes.com/news/politics-and-nation/indias-economic-growth-seen-slowing-during-modis-run-for-re-election/articleshow/66872320.cms,1,indias economic growth seen slowing during modis run for re election
https://www.ndtv.com/world-news/jim-bridenstine-nasa-chief-says-elon-musk-spacex-chief-wont-be-smoking-joints-publicly-again-1956103,1,jim bridenstine nasa chief says elon musk spacex chief wont be smoking joints publicly again
https://www.ndtv.com/food/this-is-how-turmeric-helps-people-with-heart-ailments-1955873,1,this is how turmeric helps people with heart ailments
http://www.xinhuanet.com/english/2018-12/01/c_137642733.htm,1,the world health organization who and unaids recommended self tests to reach people living with hiv
https://www.news18.com/news/world/hong-kong-tourist-bus-rams-into-taxi-5-killed-as-passengers-fly-out-of-windows-1955205.html,0,hong kong tourist bus rams into taxi killed as passengers fly out of windows
https://timesofindia.indiatimes.com/india/supreme-court-adjourns-rohingya-case-till-jan-2019-for-final-disposal/articleshow/66878121.cms,0,supreme court adjourns rohingya case till jan for final disposal
https://news.abs-cbn.com/overseas/11/30/18/5-dead-32-injured-in-hong-kong-coach-crash,0,dead injured in hong kong coach crash
https://www.channelstv.com/2018/11/30/offa-bank-robbery-five-suspects-plead-not-guilty-to-charges/,1,offa bank robbery five suspects plead not guilty to charges
https://allafrica.com/stories/201811300694.html,1,modersnising regulation and policy reform will boost nigerias digital economy and accelerate internet access
https://www.pulse.ng/bi/lifestyle/company-makes-cheap-condoms-for-nigeria-other-african-nations-id9155159.html,1,company makes cheap condoms for nigeria other african nations
https://www.thejournal.ie/shots-fired-dublin-car-4369185-Nov2018/,0,shots fired dublin car
https://www.thejournal.ie/michael-cohen-pleads-guilty-4367114-Nov2018/,1,michael cohen pleads guilty
https://www.news24.com/SouthAfrica/News/3-people-shot-5-arrested-after-botched-robbery-at-cape-town-grocer-20181130,0,people shot arrested after botched robbery at cape town grocer
https://www.9news.com.au/national/2018/11/30/20/01/hamish-bidgood-schoolies-death-gold-coast-nitrous-oxide,0,hamish bidgood schoolies death gold coast nitrous oxide
https://www.abc.net.au/news/2018-11-30/australian-students-climate-change-protest-scott-morrison/10571168,1,australian students climate change protest scott morrison
https://www.smh.com.au/national/nsw/police-were-hunting-for-a-double-murderer-he-was-already-behind-bars-for-another-horrific-crime-20181130-p50jex.html,1,police were hunting for a double murderer he was already behind bars for another horrific crime
https://www.news.com.au/world/north-america/surveillance-footage-shows-chris-watts-confessing-to-his-father-that-he-murdered-his-pregnant-wife/news-story/71dca0eda7f0cd2f7b13dd1415c41db3,0,surveillance footage shows chris watts confessing to his father that he murdered his pregnant wife
https://www.afr.com/business/banking-and-finance/financial-services/banking-royal-commission-nab-reveals-patchy-systems-and-fearful-employees-20181130-h18k6g,1,banking royal commission nab reveals patchy systems and fearful employees
https://www.news.com.au/entertainment/celebrity-life/hook-ups-break-ups/meet-tiffany-trumps-new-billionaire-boyfriend-michael-boulos/news-story/3b255e8ada76d4157c9e43844d1947d7,1,meet tiffany trumps new billionaire boyfriend michael boulos
https://www.heraldsun.com.au/entertainment/confidential/victorias-secret-chadstone-most-memorable-fashion-show-moments/news-story/184e62596bc5d01bea263aef46bc1602,1,victorias secret chadstone most memorable fashion show moments
https://www.smh.com.au/national/scientists-spot-a-cosmic-vampire-and-watch-it-explode-20181130-p50jgc.html,1,scientists spot a cosmic vampire and watch it explode
https://www.abc.net.au/news/2018-11-30/ghost-earthquake-ripples-around-the-world/10570572,1,ghost earthquake ripples around the world
https://www.news-medical.net/news/20181130/Earliest-UK-estimates-of-children-affected-in-the-womb-by-alcohol-intake-during-pregnancy.aspx,0,earliest uk estimates of children affected in the womb by alcohol intake during pregnancy
http://theconversation.com/aids-treatment-has-progressed-but-without-a-vaccine-suffering-still-abounds-107765,0,aids treatment has progressed but without a vaccine suffering still abounds
https://www.gsmarena.com/nokia_71_with_hdr10_display_and_android_9_launched_in_india-news-34488.php,1,nokiawithhdrdisplayandandroidlaunchedinindia
https://www.caradvice.com.au/707267/2019-mercedes-benz-b-class-review/,1,mercedes benz b class review
https://www.news.com.au/technology/innovation/motoring/motoring-news/hyundai-i30-n-is-news-corps-car-of-the-year/news-story/e2a58f62d7163267aacfb5c2d3ce5378,1,hyundai i n is news corps car of the year
https://www.news.com.au/entertainment/celebrity-life/hook-ups-break-ups/megan-fox-confirms-shia-labeouf-romance-on-transformers-set/news-story/1c1caf5129a5679d3d03be64ac35863f,1,megan fox confirms shia labeouf romance on transformers set
https://www.couriermail.com.au/technology/science/face-transplant-patient-reveals-his-remarkable-recovery/news-story/c65ae2baf6400c64e9c59afede7b4ab,1,face transplant patient reveals his remarkable recovery
https://www.cbc.ca/news/canada/nova-scotia/police-investigate-after-sausage-stuffed-with-glass-tossed-to-dogs-1.4927130,0,police investigate after sausage stuffed with glass tossed to dogs
https://www.cbc.ca/news/canada/north/earthquake-anchorage-1.4927624,0,earthquake anchorag
https://www.cbc.ca/news/world/russia-ukraine-border-closed-tensions-1.4926954,0,russia ukraine border closed tensions
https://www.cbc.ca/news/business/opec-wti-wcs-alberta-1.4908924,0,opec wti wcs alberta
http://vocm.com/news/marriott-hotels-discloses-security-breach-affecting-up-to-500-million-guests/,0,marriott hotels discloses security breach affecting up to million guests
https://www.cbc.ca/news/entertainment/alessia-cara-back-on-social-media-1.4925214,1,alessia cara back on social media
http://www.tunisiesoir.com/science/research-oldest-stone-artifacts-and-cutmarked-bones-in-north-africa-contemporary-with-archaeological-materials-in-east-africa-10662-2018/,1,esearch oldest stone artifacts and cutmarked bones in north africa contemporary with archaeological materials in east africa
https://www.cbc.ca/news/health/cdc-congo-ebola-1.4927162,0,cdc congo ebola
https://www.bbc.com/news/newsbeat-46397317,1,cameron underwood says he doesnt get as many stares or questions from strangers since his face transplant
https://www.dailytelegraph.com.au/news/avalanche-at-mount-cook-new-zealand-claims-life-of-nsw-police-officer/news-story/103fcc535636495510c5330247dfcaf2,0,avalanche at mount cook new zealand claims life of nsw police officernews story
https://www.iol.co.za/news/africa/thousands-of-demonstrators-rally-in-zimbabwe-in-support-of-mdc-18327705,1,thousands of demonstrators rally in zimbabwe in support of mdc
https://www.theguardian.com/world/2018/nov/30/deeply-shameful-258-runners-caught-cheating-in-shenzhens-half-marathon,0,deeply shameful runners caught cheating in shenzhens half marathon
https://theconversation.com/four-in-ten-australians-think-women-lie-about-being-victims-of-sexual-assault-107363,0,four in ten australians think women lie about being victims of sexual assault
https://www.9news.com.au/2018/11/30/17/55/sydney-toilet-indecent-assault-children-dee-why-butruk-butruk,0,sydney toilet indecent assault children dee why butruk butruk
https://www.abc.net.au/news/2018-11-30/teacher-recorded-her-boss-sexually-harassing-her-but-is-jailed/10568940,0,teacher recorded her boss sexually harassing her but is jailed
https://www.smh.com.au/environment/weather/sydney-s-one-in-100-year-storm-causes-10-million-in-damages-insurers-20181129-p50j2z.html,0,sydney s one in year storm causes million in damages insurers
https://www.9news.com.au/2018/11/29/14/46/weather-forecast-summer-2018,1,weather forecast summer
https://www.theage.com.au/national/victoria/our-princess-girl-8-dies-after-being-hit-by-car-in-doncaster-20181129-p50j15.html,0,our princess girl dies after being hit by car in doncaster
https://www.news.com.au/travel/travel-updates/mums-fury-after-airline-worker-nameshamed-her-daughter-abcde/news-story/eb595920c442377bc692f1aca3b058bc,0,mums fury after airline worker nameshamed her daughter abcde
https://www.bbc.com/news/world-africa-46398267,0,the uns global health body says the ebola outbreak in the east of the democratic republic of congo is now the second biggest ever recorded
https://consumer.healthday.com/mental-health-information-25/depression-news-176/stimulating-one-brain-area-may-ease-tough-to-treat-depression-740132.html,1,timulating one brain area may ease tough to treat depression
https://allafrica.com/stories/201811300567.html,0,about mens power over girlsmlas more on depression
http://www.israelnationalnews.com/News/News.aspx/255514,0,attack by jordanian national in southern israeli port city appears to have been nationalistically motivated
"https://www.ynetnews.com/articles/0,7340,L-5417281,00.html",1,the appointment of moshe chico edri the prospective police commissioner has been denied friday in an unfolding drama in
http://www.israelnationalnews.com/News/News.aspx/255452,1,there are very few jews in israel who do not light hanukkah candles
https://edition.cnn.com/2018/11/27/europe/anti-semitism-analysis-ward-intl/index.html,0,anti semitism analysis ward
http://www.digitalspy.com/music/news/a871747/eurovision-song-contest-2019-selection-process-changing/,1,eurovision song contest selection process changing
https://www.upi.com/Entertainment_News/2018/11/30/Jennifer-Lopez-discusses-possibility-of-marriage-to-Alex-Rodriguez/6461543594223/,1,jennifer lopez discusses possibility of marriage to alex rodriguez
https://www.theguardian.com/world/2018/nov/30/ukraine-bans-russian-men-from-entering-the-country,1,ukraine bans russian men from entering the country
http://www.israelnationalnews.com/News/News.aspx/255458,1,in irregular flight path iranian packed with weapons flies directly from tehran to beirut
http://www.israelnationalnews.com/News/News.aspx/255459,0,killed in serious road accident in samaria woman killed several injured some seriously after car and bus collide on route in samaria near elkana
"https://www.ynetnews.com/articles/0,7340,L-5416546,00.html",1,archaeologists have recovered an extremely rare year old stone mask from thieves
https://www.freemalaysiatoday.com/category/nation/2018/11/30/10-foreign-workers-stranded-on-ship-not-paid-wages-for-4-months/,0,foreign workers stranded on ship not paid wages for months
https://www.freemalaysiatoday.com/category/nation/2018/11/30/firemen-shows-signs-of-waking-up-says-ijn/,1,firemen shows signs of waking up says ijn
https://www.straitstimes.com/asia/east-asia/five-dead-31-injured-in-hong-kong-coach-crash-police,0,five dead injured in hong kong coach crash police
https://www.tvnz.co.nz/one-news/new-zealand/more-than-50-whales-dead-after-another-mass-stranding,0,more than whales dead after another mass stranding
https://www.stuff.co.nz/auckland/108956485/man-taken-to-hospital-after-surviving-jump-off-auckland-harbour-bridge,1,man taken to hospital after surviving jump off auckland harbour bridge
https://www.tvnz.co.nz/one-news/world/friends-believe-missionary-shot-dead-bows-and-arrows-remote-indian-island-could-still-alive,1,friends believe missionary shot dead bows and arrows remote indian island could still alive
